page_number,segment_count,has_items,item_ids,standards,years,question_numbers
1,0,no,,,,
2,0,no,,,,
3,0,no,,,,
4,0,no,,,,
5,2,yes,g5_elar_5.7D_2025_q10; g5_elar_5.8A_2025_q8,5.7(D); 5.8(A),2025; 2025,10; 8
6,2,yes,g5_elar_5.8C_2025_q11; g5_elar_5.8D_2025_q9,5.8(C); 5.8(D),2025; 2025,11; 9
7,0,no,,,,
8,0,no,,,,
9,2,yes,g5_elar_5.6E_2025_q16; g5_elar_5.6E_2025_q17,5.6(E); 5.6(E),2025; 2025,16; 17
10,1,yes,g5_elar_5.6E_2025_q18,5.6(E),2025,18
11,0,no,,,,
12,1,yes,g5_elar_5.3B_2024_q20,5.3(B),2024,20
13,1,yes,g5_elar_5.7B_2024_q25,5.7(B),2024,25
14,2,yes,g5_elar_5.7C_2024_q23; g5_elar_5.8B_2024_q19,5.7(C); 5.8(B),2024; 2024,23; 19
15,2,yes,g5_elar_5.8C_2024_q22; g5_elar_5.9A_2024_q21,5.8(C); 5.9(A),2024; 2024,22; 21
16,2,yes,g5_elar_5.10B_2024_q18; g5_elar_5.10E_2024_q24,5.10(B); 5.10(E),2024; 2024,18; 24
17,0,no,,,,
18,2,yes,g5_elar_5.3D_2023_q19; g5_elar_5.6G_2023_q20,5.3(D); 5.6(G),2023; 2023,19; 20
19,2,yes,g5_elar_5.7B_2023_q25; g5_elar_5.7C_2023_q21,5.7(B); 5.7(C),2023; 2023,25; 21
20,2,yes,g5_elar_5.8C_2023_q22; g5_elar_5.10B_2023_q23,5.8(C); 5.10(B),2023; 2023,22; 23
21,1,yes,g5_elar_5.10A_2023_q24,5.10(A),2023,24
22,0,no,,,,
23,2,yes,g5_elar_5.6F_2022_q36; g5_elar_5.7C_2022_q33,5.6(F); 5.7(C),2022; 2022,36; 33
24,2,yes,g5_elar_5.7C_2022_q35; g5_elar_5.7D_2022_q37,5.7(C); 5.7(D),2022; 2022,35; 37
25,2,yes,g5_elar_5.8B_2022_q34; g5_elar_5.8C_2022_q38,5.8(B); 5.8(C),2022; 2022,34; 38
26,0,no,,,,
27,2,yes,g5_elar_5.6F_2021_q7; g5_elar_5.8C_2021_q2,5.6(F); 5.8(C),2021; 2021,7; 2
28,2,yes,g5_elar_5.8C_2021_q5; g5_elar_5.10D_2021_q1,5.8(C); 5.10(D),2021; 2021,5; 1
29,2,yes,g5_elar_5.10D_2021_q3; g5_elar_5.10D_2021_q6,5.10(D); 5.10(D),2021; 2021,3; 6
30,1,yes,g5_elar_5.10E_2021_q4,5.10(E),2021,4
31,0,no,,,,
32,2,yes,g5_elar_5.3B_2021_q16; g5_elar_5.6F_2021_q15,5.3(B); 5.6(F),2021; 2021,16; 15
33,2,yes,g5_elar_5.7D_2021_q19; g5_elar_5.8C_2021_q14,5.7(D); 5.8(C),2021; 2021,19; 14
34,2,yes,g5_elar_5.8C_2021_q18; g5_elar_5.10D_2021_q17,5.8(C); 5.10(D),2021; 2021,18; 17
35,0,no,,,,
36,0,no,,,,
37,2,yes,g5_elar_5.6E_2021_q24; g5_elar_5.6E_2021_q25,5.6(E); 5.6(E),2021; 2021,24; 25
38,2,yes,g5_elar_5.6E_2021_q26; g5_elar_5.6E_2021_q27,5.6(E); 5.6(E),2021; 2021,26; 27
39,0,no,,,,
40,2,yes,g5_elar_5.3B_2019_q2; g5_elar_5.6F_2019_q4,5.3(B); 5.6(F),2019; 2019,2; 4
41,2,yes,g5_elar_5.6F_2019_q6; g5_elar_5.7D_2019_q3,5.6(F); 5.7(D),2019; 2019,6; 3
42,2,yes,g5_elar_5.8B_2019_q1; g5_elar_5.8C_2019_q5,5.8(B); 5.8(C),2019; 2019,1; 5
43,0,no,,,,
44,2,yes,g5_elar_5.3B_2018_q2; g5_elar_5.6F_2018_q4,5.3(B); 5.6(F),2018; 2018,2; 4
45,2,yes,g5_elar_5.6F_2018_q6; g5_elar_5.7D_2018_q7,5.6(F); 5.7(D),2018; 2018,6; 7
46,2,yes,g5_elar_5.8B_2018_q3; g5_elar_5.8C_2018_q1,5.8(B); 5.8(C),2018; 2018,3; 1
47,1,yes,g5_elar_5.10D_2018_q5,5.10(D),2018,5
48,0,no,,,,
49,2,yes,g5_elar_5.6F_2017_q30; g5_elar_5.6F_2017_q32,5.6(F); 5.6(F),2017; 2017,30; 32
50,2,yes,g5_elar_5.7D_2017_q29; g5_elar_5.8B_2017_q26,5.7(D); 5.8(B),2017; 2017,29; 26
51,2,yes,g5_elar_5.8B_2017_q28; g5_elar_5.8C_2017_q27,5.8(B); 5.8(C),2017; 2017,28; 27
52,1,yes,g5_elar_5.10D_2017_q31,5.10(D),2017,31
53,0,no,,,,
54,2,yes,g5_elar_5.3B_2016_q6; g5_elar_5.6F_2016_q1,5.3(B); 5.6(F),2016; 2016,6; 1
55,2,yes,g5_elar_5.7D_2016_q8; g5_elar_5.8B_2016_q2,5.7(D); 5.8(B),2016; 2016,8; 2
56,2,yes,g5_elar_5.8B_2016_q4; g5_elar_5.8B_2016_q5,5.8(B); 5.8(B),2016; 2016,4; 5
57,2,yes,g5_elar_5.8C_2016_q7; g5_elar_5.8C_2016_q10,5.8(C); 5.8(C),2016; 2016,7; 10
58,2,yes,g5_elar_5.10D_2016_q3; g5_elar_5.10D_2016_q9,5.10(D); 5.10(D),2016; 2016,3; 9
59,0,no,,,,
60,2,yes,g5_elar_5.3B_2015_q2; g5_elar_5.6F_2015_q3,5.3(B); 5.6(F),2015; 2015,2; 3
61,2,yes,g5_elar_5.6F_2015_q6; g5_elar_5.8B_2015_q4,5.6(F); 5.8(B),2015; 2015,6; 4
62,2,yes,g5_elar_5.8B_2015_q8; g5_elar_5.8C_2015_q1,5.8(B); 5.8(C),2015; 2015,8; 1
63,2,yes,g5_elar_5.8C_2015_q5; g5_elar_5.8C_2015_q7,5.8(C); 5.8(C),2015; 2015,5; 7
64,0,no,,,,
65,2,yes,g5_elar_5.3B_2015_q20; g5_elar_5.7D_2015_q21,5.3(B); 5.7(D),2015; 2015,20; 21
66,2,yes,g5_elar_5.8C_2015_q18; g5_elar_5.8C_2015_q19,5.8(C); 5.8(C),2015; 2015,18; 19
67,0,no,,,,
68,0,no,,,,
69,2,yes,g5_elar_5.6E_2015_q25; g5_elar_5.6E_2015_q26,5.6(E); 5.6(E),2015; 2015,25; 26
70,2,yes,g5_elar_5.6E_2015_q27; g5_elar_5.6E_2015_q28,5.6(E); 5.6(E),2015; 2015,27; 28
71,0,no,,,,
72,2,yes,g5_elar_5.3B_2014_q18; g5_elar_5.6F_2014_q20,5.3(B); 5.6(F),2014; 2014,18; 20
73,2,yes,g5_elar_5.6F_2014_q21; g5_elar_5.6F_2014_q22,5.6(F); 5.6(F),2014; 2014,21; 22
74,2,yes,g5_elar_5.6F_2014_q23; g5_elar_5.8B_2014_q25,5.6(F); 5.8(B),2014; 2014,23; 25
75,2,yes,g5_elar_5.8C_2014_q17; g5_elar_5.8C_2014_q19,5.8(C); 5.8(C),2014; 2014,17; 19
76,1,yes,g5_elar_5.10D_2014_q24,5.10(D),2014,24
77,0,no,,,,
78,2,yes,g5_elar_5.3B_2013_q34; g5_elar_5.8B_2013_q32,5.3(B); 5.8(B),2013; 2013,34; 32
79,2,yes,g5_elar_5.8B_2013_q33; g5_elar_5.8B_2013_q35,5.8(B); 5.8(B),2013; 2013,33; 35
80,2,yes,g5_elar_5.8B_2013_q37; g5_elar_5.8B_2013_q38,5.8(B); 5.8(B),2013; 2013,37; 38
81,2,yes,g5_elar_5.8C_2013_q31; g5_elar_5.8C_2013_q36,5.8(C); 5.8(C),2013; 2013,31; 36
82,0,no,,,,
83,0,no,,,,
84,0,no,,,,
85,2,yes,g5_elar_5.3B_2025_q13; g5_elar_5.6H_2025_q15,5.3(B); 5.6(H),2025; 2025,13; 15
86,2,yes,g5_elar_5.9D_2025_q14; g5_elar_5.10A_2025_q12,5.9(D); 5.10(A),2025; 2025,14; 12
87,0,no,,,,
88,0,no,,,,
89,2,yes,g5_elar_5.6E_2025_q16; g5_elar_5.6E_2025_q17,5.6(E); 5.6(E),2025; 2025,16; 17
90,1,yes,g5_elar_5.6E_2025_q18,5.6(E),2025,18
91,0,no,,,,
92,2,yes,g5_elar_5.6H_2024_q10; g5_elar_5.10B_2024_q8,5.6(H); 5.10(B),2024; 2024,10; 8
93,1,yes,g5_elar_5.10C_2024_q9,5.10(C),2024,9
94,0,no,,,,
95,0,no,,,,
96,1,yes,g5_elar_5.6E_2024_q14,5.6(E),2024,14
97,0,no,,,,
98,0,no,,,,
99,2,yes,g5_elar_5.6E_2024_q15; g5_elar_5.6E_2024_q16,5.6(E); 5.6(E),2024; 2024,15; 16
100,1,yes,g5_elar_5.6E_2024_q17,5.6(E),2024,17
101,0,no,,,,
102,2,yes,g5_elar_5.6F_2023_q3; g5_elar_5.6G_2023_q2,5.6(F); 5.6(G),2023; 2023,3; 2
103,2,yes,g5_elar_5.6H_2023_q9; g5_elar_5.7C_2023_q5,5.6(H); 5.7(C),2023; 2023,9; 5
104,2,yes,g5_elar_5.9D_2023_q7; g5_elar_5.9D_2023_q4,5.9(D); 5.9(D),2023; 2023,7; 4
105,2,yes,g5_elar_5.10B_2023_q1; g5_elar_5.10C_2023_q8,5.10(B); 5.10(C),2023; 2023,1; 8
106,1,yes,g5_elar_5.10F_2023_q6,5.10(F),2023,6
107,0,no,,,,
108,1,yes,g5_elar_5.3A_2023_q10,5.3(A),2023,10
109,1,yes,g5_elar_5.7D_2023_q11,5.7(D),2023,11
110,0,no,,,,
111,0,no,,,,
112,2,yes,g5_elar_5.6E_2023_q16; g5_elar_5.6E_2023_q17,5.6(E); 5.6(E),2023; 2023,16; 17
113,1,yes,g5_elar_5.6E_2023_q18,5.6(E),2023,18
114,0,no,,,,
115,2,yes,g5_elar_5.3C_2022_q18; g5_elar_5.6H_2022_q21,5.3(C); 5.6(H),2022; 2022,18; 21
116,2,yes,g5_elar_5.7C_2022_q20; g5_elar_5.10B_2022_q19,5.7(C); 5.10(B),2022; 2022,20; 19
117,0,no,,,,
118,0,no,,,,
119,2,yes,g5_elar_5.6E_2022_q22; g5_elar_5.6E_2022_q23,5.6(E); 5.6(E),2022; 2022,22; 23
120,2,yes,g5_elar_5.6E_2022_q24; g5_elar_5.6E_2022_q25,5.6(E); 5.6(E),2022; 2022,24; 25
121,0,no,,,,
122,2,yes,g5_elar_5.3B_2022_q32; g5_elar_5.6G_2022_q31,5.3(B); 5.6(G),2022; 2022,32; 31
123,2,yes,g5_elar_5.6H_2022_q27; g5_elar_5.9D_2022_q28,5.6(H); 5.9(D),2022; 2022,27; 28
124,2,yes,g5_elar_5.9D_2022_q26; g5_elar_5.10A_2022_q30,5.9(D); 5.10(A),2022; 2022,26; 30
125,1,yes,g5_elar_5.10C_2022_q29,5.10(C),2022,29
126,0,no,,,,
127,2,yes,g5_elar_5.3A_2021_q10; g5_elar_5.6F_2021_q12,5.3(A); 5.6(F),2021; 2021,10; 12
128,2,yes,g5_elar_5.7C_2021_q8; g5_elar_5.7C_2021_q9,5.7(C); 5.7(C),2021; 2021,8; 9
129,2,yes,g5_elar_5.7C_2021_q13; g5_elar_5.10A_2021_q11,5.7(C); 5.10(A),2021; 2021,13; 11
130,0,no,,,,
131,2,yes,g5_elar_5.3B_2021_q31; g5_elar_5.9D_2021_q29,5.3(B); 5.9(D),2021; 2021,31; 29
132,2,yes,g5_elar_5.9D_2021_q28; g5_elar_5.10A_2021_q30,5.9(D); 5.10(A),2021; 2021,28; 30
133,1,yes,g5_elar_5.10A_2021_q32,5.10(A),2021,32
134,0,no,,,,
135,2,yes,g5_elar_5.3A_2021_q34; g5_elar_5.6F_2021_q33,5.3(A); 5.6(F),2021; 2021,34; 33
136,2,yes,g5_elar_5.7C_2021_q36; g5_elar_5.9D_2021_q38,5.7(C); 5.9(D),2021; 2021,36; 38
137,2,yes,g5_elar_5.9D_2021_q37; g5_elar_5.10A_2021_q35,5.9(D); 5.10(A),2021; 2021,37; 35
138,0,no,,,,
139,2,yes,g5_elar_5.3C_2019_q25; g5_elar_5.6E_2019_q30,5.3(C); 5.6(E),2019; 2019,25; 30
140,2,yes,g5_elar_5.6F_2019_q24; g5_elar_5.7D_2019_q26,5.6(F); 5.7(D),2019; 2019,24; 26
141,2,yes,g5_elar_5.9D_2019_q28; g5_elar_5.9D_2019_q31,5.9(D); 5.9(D),2019; 2019,28; 31
142,2,yes,g5_elar_5.9D_2019_q27; g5_elar_5.10A_2019_q29,5.9(D); 5.10(A),2019; 2019,27; 29
143,0,no,,,,
144,2,yes,g5_elar_5.3C_2019_q7; g5_elar_5.6E_2019_q9,5.3(C); 5.6(E),2019; 2019,7; 9
145,2,yes,g5_elar_5.6F_2019_q10; g5_elar_5.7D_2019_q8,5.6(F); 5.7(D),2019; 2019,10; 8
146,0,no,,,,
147,0,no,,,,
148,2,yes,g5_elar_5.6E_2019_q15; g5_elar_5.6E_2019_q16,5.6(E); 5.6(E),2019; 2019,15; 16
149,2,yes,g5_elar_5.6E_2019_q17; g5_elar_5.6E_2019_q18,5.6(E); 5.6(E),2019; 2019,17; 18
150,0,no,,,,
151,2,yes,g5_elar_5.6F_2019_q11; g5_elar_5.6F_2019_q14,5.6(F); 5.6(F),2019; 2019,11; 14
152,2,yes,g5_elar_5.7D_2019_q13; g5_elar_5.10A_2019_q12,5.7(D); 5.10(A),2019; 2019,13; 12
153,0,no,,,,
154,2,yes,g5_elar_5.6E_2018_q38; g5_elar_5.6F_2018_q31,5.6(E); 5.6(F),2018; 2018,38; 31
155,2,yes,g5_elar_5.6F_2018_q34; g5_elar_5.7D_2018_q37,5.6(F); 5.7(D),2018; 2018,34; 37
156,2,yes,g5_elar_5.7D_2018_q35; g5_elar_5.9D_2018_q32,5.7(D); 5.9(D),2018; 2018,35; 32
157,2,yes,g5_elar_5.10A_2018_q33; g5_elar_5.10A_2018_q36,5.10(A); 5.10(A),2018; 2018,33; 36
158,0,no,,,,
159,2,yes,g5_elar_5.6F_2018_q8; g5_elar_5.6F_2018_q11,5.6(F); 5.6(F),2018; 2018,8; 11
160,1,yes,g5_elar_5.7D_2018_q10,5.7(D),2018,10
161,0,no,,,,
162,0,no,,,,
163,2,yes,g5_elar_5.6E_2018_q15; g5_elar_5.6E_2018_q16,5.6(E); 5.6(E),2018; 2018,15; 16
164,2,yes,g5_elar_5.6E_2018_q17; g5_elar_5.6E_2018_q18,5.6(E); 5.6(E),2018; 2018,17; 18
165,0,no,,,,
166,2,yes,g5_elar_5.3C_2018_q13; g5_elar_5.7D_2018_q14,5.3(C); 5.7(D),2018; 2018,13; 14
167,1,yes,g5_elar_5.9D_2018_q12,5.9(D),2018,12
168,0,no,,,,
169,2,yes,g5_elar_5.7D_2017_q2; g5_elar_5.7D_2017_q3,5.7(D); 5.7(D),2017; 2017,2; 3
170,2,yes,g5_elar_5.7D_2017_q5; g5_elar_5.9D_2017_q4,5.7(D); 5.9(D),2017; 2017,5; 4
171,2,yes,g5_elar_5.10A_2017_q1; g5_elar_5.10A_2017_q6,5.10(A); 5.10(A),2017; 2017,1; 6
172,0,no,,,,
173,2,yes,g5_elar_5.3B_2017_q36; g5_elar_5.6E_2017_q38,5.3(B); 5.6(E),2017; 2017,36; 38
174,2,yes,g5_elar_5.6F_2017_q33; g5_elar_5.6F_2017_q37,5.6(F); 5.6(F),2017; 2017,33; 37
175,2,yes,g5_elar_5.7D_2017_q34; g5_elar_5.7D_2017_q35,5.7(D); 5.7(D),2017; 2017,34; 35
176,0,no,,,,
177,2,yes,g5_elar_5.3A_2017_q8; g5_elar_5.6E_2017_q10,5.3(A); 5.6(E),2017; 2017,8; 10
178,2,yes,g5_elar_5.7D_2017_q7; g5_elar_5.7D_2017_q9,5.7(D); 5.7(D),2017; 2017,7; 9
179,0,no,,,,
180,0,no,,,,
181,2,yes,g5_elar_5.6E_2017_q15; g5_elar_5.6E_2017_q16,5.6(E); 5.6(E),2017; 2017,15; 16
182,2,yes,g5_elar_5.6E_2017_q17; g5_elar_5.6E_2017_q18,5.6(E); 5.6(E),2017; 2017,17; 18
183,0,no,,,,
184,2,yes,g5_elar_5.3B_2016_q36; g5_elar_5.6E_2016_q35,5.3(B); 5.6(E),2016; 2016,36; 35
185,2,yes,g5_elar_5.6E_2016_q37; g5_elar_5.6F_2016_q33,5.6(E); 5.6(F),2016; 2016,37; 33
186,2,yes,g5_elar_5.7D_2016_q34; g5_elar_5.7D_2016_q39,5.7(D); 5.7(D),2016; 2016,34; 39
187,2,yes,g5_elar_5.9D_2016_q38; g5_elar_5.10A_2016_q32,5.9(D); 5.10(A),2016; 2016,38; 32
188,0,no,,,,
189,2,yes,g5_elar_5.7D_2016_q18; g5_elar_5.7D_2016_q19,5.7(D); 5.7(D),2016; 2016,18; 19
190,2,yes,g5_elar_5.9D_2016_q21; g5_elar_5.10A_2016_q20,5.9(D); 5.10(A),2016; 2016,21; 20
191,0,no,,,,
192,0,no,,,,
193,2,yes,g5_elar_5.6E_2016_q28; g5_elar_5.6E_2016_q29,5.6(E); 5.6(E),2016; 2016,28; 29
194,2,yes,g5_elar_5.6E_2016_q30; g5_elar_5.6E_2016_q31,5.6(E); 5.6(E),2016; 2016,30; 31
195,0,no,,,,
196,2,yes,g5_elar_5.3A_2015_q10; g5_elar_5.3B_2015_q15,5.3(A); 5.3(B),2015; 2015,10; 15
197,2,yes,g5_elar_5.6E_2015_q11; g5_elar_5.6F_2015_q9,5.6(E); 5.6(F),2015; 2015,11; 9
198,2,yes,g5_elar_5.6F_2015_q16; g5_elar_5.6F_2015_q17,5.6(F); 5.6(F),2015; 2015,16; 17
199,2,yes,g5_elar_5.9D_2015_q13; g5_elar_5.10A_2015_q12,5.9(D); 5.10(A),2015; 2015,13; 12
200,1,yes,g5_elar_5.10A_2015_q14,5.10(A),2015,14
201,0,no,,,,
202,2,yes,g5_elar_5.3B_2015_q36; g5_elar_5.6E_2015_q35,5.3(B); 5.6(E),2015; 2015,36; 35
203,2,yes,g5_elar_5.6F_2015_q30; g5_elar_5.6F_2015_q31,5.6(F); 5.6(F),2015; 2015,30; 31
204,2,yes,g5_elar_5.6F_2015_q38; g5_elar_5.6F_2015_q39,5.6(F); 5.6(F),2015; 2015,38; 39
205,2,yes,g5_elar_5.7D_2015_q32; g5_elar_5.7D_2015_q37,5.7(D); 5.7(D),2015; 2015,32; 37
206,2,yes,g5_elar_5.9D_2015_q34; g5_elar_5.9D_2015_q33,5.9(D); 5.9(D),2015; 2015,34; 33
207,1,yes,g5_elar_5.10A_2015_q29,5.10(A),2015,29
208,0,no,,,,
209,2,yes,g5_elar_5.3B_2014_q5; g5_elar_5.6E_2014_q6,5.3(B); 5.6(E),2014; 2014,5; 6
210,2,yes,g5_elar_5.6F_2014_q7; g5_elar_5.6F_2014_q9,5.6(F); 5.6(F),2014; 2014,7; 9
211,2,yes,g5_elar_5.6F_2014_q10; g5_elar_5.7D_2014_q3,5.6(F); 5.7(D),2014; 2014,10; 3
212,2,yes,g5_elar_5.7D_2014_q4; g5_elar_5.7D_2014_q8,5.7(D); 5.7(D),2014; 2014,4; 8
213,2,yes,g5_elar_5.10A_2014_q1; g5_elar_5.10A_2014_q2,5.10(A); 5.10(A),2014; 2014,1; 2
214,0,no,,,,
215,2,yes,g5_elar_5.3B_2014_q27; g5_elar_5.6F_2014_q28,5.3(B); 5.6(F),2014; 2014,27; 28
216,2,yes,g5_elar_5.6F_2014_q29; g5_elar_5.6F_2014_q30,5.6(F); 5.6(F),2014; 2014,29; 30
217,1,yes,g5_elar_5.10A_2014_q26,5.10(A),2014,26
218,0,no,,,,
219,0,no,,,,
220,2,yes,g5_elar_5.6E_2014_q36; g5_elar_5.6E_2014_q37,5.6(E); 5.6(E),2014; 2014,36; 37
221,2,yes,g5_elar_5.6E_2014_q38; g5_elar_5.6E_2014_q39,5.6(E); 5.6(E),2014; 2014,38; 39
222,0,no,,,,
223,2,yes,g5_elar_5.3B_2014_q32; g5_elar_5.6E_2014_q31,5.3(B); 5.6(E),2014; 2014,32; 31
224,2,yes,g5_elar_5.6F_2014_q34; g5_elar_5.6F_2014_q35,5.6(F); 5.6(F),2014; 2014,34; 35
225,1,yes,g5_elar_5.7D_2014_q33,5.7(D),2014,33
226,0,no,,,,
227,2,yes,g5_elar_5.3B_2013_q12; g5_elar_5.6E_2013_q9,5.3(B); 5.6(E),2013; 2013,12; 9
228,2,yes,g5_elar_5.6E_2013_q16; g5_elar_5.6F_2013_q13,5.6(E); 5.6(F),2013; 2013,16; 13
229,2,yes,g5_elar_5.7D_2013_q10; g5_elar_5.7D_2013_q15,5.7(D); 5.7(D),2013; 2013,10; 15
230,2,yes,g5_elar_5.9D_2013_q11; g5_elar_5.9D_2013_q14,5.9(D); 5.9(D),2013; 2013,11; 14
231,1,yes,g5_elar_5.10C_2013_q17,5.10(C),2013,17
232,0,no,,,,
233,2,yes,g5_elar_5.3B_2013_q39; g5_elar_5.3B_2013_q44,5.3(B); 5.3(B),2013; 2013,39; 44
234,2,yes,g5_elar_5.6E_2013_q40; g5_elar_5.7D_2013_q43,5.6(E); 5.7(D),2013; 2013,40; 43
235,2,yes,g5_elar_5.7D_2013_q45; g5_elar_5.9D_2013_q42,5.7(D); 5.9(D),2013; 2013,45; 42
236,2,yes,g5_elar_5.10A_2013_q41; g5_elar_5.10C_2013_q46,5.10(A); 5.10(C),2013; 2013,41; 46
237,0,no,,,,
238,0,no,,,,
239,2,yes,g5_elar_5.6E_2013_q27; g5_elar_5.6E_2013_q28,5.6(E); 5.6(E),2013; 2013,27; 28
240,2,yes,g5_elar_5.6E_2013_q29; g5_elar_5.6E_2013_q30,5.6(E); 5.6(E),2013; 2013,29; 30
241,0,no,,,,
242,2,yes,g5_elar_5.3A_2013_q25; g5_elar_5.6F_2013_q26,5.3(A); 5.6(F),2013; 2013,25; 26
243,2,yes,g5_elar_5.7D_2013_q23; g5_elar_5.10A_2013_q24,5.7(D); 5.10(A),2013; 2013,23; 24
244,0,no,,,,
245,0,no,,,,
246,0,no,,,,
247,2,yes,g5_elar_5.6E_2024_q14; g5_elar_5.6E_2024_q15,5.6(E); 5.6(E),2024; 2024,14; 15
248,2,yes,g5_elar_5.6E_2024_q16; g5_elar_5.6E_2024_q17,5.6(E); 5.6(E),2024; 2024,16; 17
249,0,no,,,,
250,1,yes,g5_elar_5.3A_2024_q11,5.3(A),2024,11
251,2,yes,g5_elar_5.7D_2024_q12; g5_elar_5.10A_2024_q13,5.7(D); 5.10(A),2024; 2024,12; 13
252,0,no,,,,
253,2,yes,g5_elar_5.3B_2023_q13; g5_elar_5.6C_2023_q15,5.3(B); 5.6(C),2023; 2023,13; 15
254,2,yes,g5_elar_5.9B_2023_q12; g5_elar_5.10E_2023_q14,5.9(B); 5.10(E),2023; 2023,12; 14
255,0,no,,,,
256,0,no,,,,
257,2,yes,g5_elar_5.6E_2023_q16; g5_elar_5.6E_2023_q17,5.6(E); 5.6(E),2023; 2023,16; 17
258,1,yes,g5_elar_5.6E_2023_q18,5.6(E),2023,18
259,0,no,,,,
260,2,yes,g5_elar_5.8A_2022_q15; g5_elar_5.8C_2022_q14,5.8(A); 5.8(C),2022; 2022,15; 14
261,2,yes,g5_elar_5.9B_2022_q17; g5_elar_5.10D_2022_q16,5.9(B); 5.10(D),2022; 2022,17; 16
262,0,no,,,,
263,2,yes,g5_elar_5.6E_2022_q22; g5_elar_5.6E_2022_q23,5.6(E); 5.6(E),2022; 2022,22; 23
264,2,yes,g5_elar_5.6E_2022_q24; g5_elar_5.6E_2022_q25,5.6(E); 5.6(E),2022; 2022,24; 25
265,2,yes,g5_elar_5.6E_2021_q24; g5_elar_5.6E_2021_q25,5.6(E); 5.6(E),2021; 2021,24; 25
266,2,yes,g5_elar_5.6E_2021_q26; g5_elar_5.6E_2021_q27,5.6(E); 5.6(E),2021; 2021,26; 27
267,0,no,,,,
268,2,yes,g5_elar_5.6F_2021_q20; g5_elar_5.6F_2021_q21,5.6(F); 5.6(F),2021; 2021,20; 21
269,2,yes,g5_elar_5.6F_2021_q23; g5_elar_5.7C_2021_q22,5.6(F); 5.7(C),2021; 2021,23; 22
270,0,no,,,,
271,2,yes,g5_elar_5.3A_2019_q23; g5_elar_5.6F_2019_q20,5.3(A); 5.6(F),2019; 2019,23; 20
272,2,yes,g5_elar_5.6F_2019_q21; g5_elar_5.6F_2019_q22,5.6(F); 5.6(F),2019; 2019,21; 22
273,1,yes,g5_elar_5.10D_2019_q19,5.10(D),2019,19
274,0,no,,,,
275,2,yes,g5_elar_5.3A_2018_q29; g5_elar_5.6F_2018_q27,5.3(A); 5.6(F),2018; 2018,29; 27
276,2,yes,g5_elar_5.6F_2018_q28; g5_elar_5.6F_2018_q30,5.6(F); 5.6(F),2018; 2018,28; 30
277,2,yes,g5_elar_5.9B_2018_q26; g5_elar_5.6E_2017_q15,5.9(B); 5.6(E),2018; 2017,26; 15
278,2,yes,g5_elar_5.6E_2017_q16; g5_elar_5.6E_2017_q17,5.6(E); 5.6(E),2017; 2017,16; 17
279,1,yes,g5_elar_5.6E_2017_q18,5.6(E),2017,18
280,0,no,,,,
281,2,yes,g5_elar_5.3B_2017_q13; g5_elar_5.6F_2017_q11,5.3(B); 5.6(F),2017; 2017,13; 11
282,2,yes,g5_elar_5.6F_2017_q14; g5_elar_5.9B_2017_q12,5.6(F); 5.9(B),2017; 2017,14; 12
283,2,yes,g5_elar_5.6E_2016_q28; g5_elar_5.6E_2016_q29,5.6(E); 5.6(E),2016; 2016,28; 29
284,2,yes,g5_elar_5.6E_2016_q30; g5_elar_5.6E_2016_q31,5.6(E); 5.6(E),2016; 2016,30; 31
285,0,no,,,,
286,2,yes,g5_elar_5.3A_2016_q24; g5_elar_5.6F_2016_q22,5.3(A); 5.6(F),2016; 2016,24; 22
287,2,yes,g5_elar_5.6F_2016_q23; g5_elar_5.6F_2016_q25,5.6(F); 5.6(F),2016; 2016,23; 25
288,2,yes,g5_elar_5.6F_2016_q27; g5_elar_5.10D_2016_q26,5.6(F); 5.10(D),2016; 2016,27; 26
289,2,yes,g5_elar_5.6E_2015_q25; g5_elar_5.6E_2015_q26,5.6(E); 5.6(E),2015; 2015,25; 26
290,2,yes,g5_elar_5.6E_2015_q27; g5_elar_5.6E_2015_q28,5.6(E); 5.6(E),2015; 2015,27; 28
291,0,no,,,,
292,2,yes,g5_elar_5.6F_2015_q22; g5_elar_5.6F_2015_q23,5.6(F); 5.6(F),2015; 2015,22; 23
293,1,yes,g5_elar_5.6F_2015_q24,5.6(F),2015,24
294,0,no,,,,
295,2,yes,g5_elar_5.3B_2014_q11; g5_elar_5.6F_2014_q13,5.3(B); 5.6(F),2014; 2014,11; 13
296,2,yes,g5_elar_5.6F_2014_q15; g5_elar_5.9B_2014_q14,5.6(F); 5.9(B),2014; 2014,15; 14
297,2,yes,g5_elar_5.10D_2014_q12; g5_elar_5.10D_2014_q16,5.10(D); 5.10(D),2014; 2014,12; 16
298,0,no,,,,
299,2,yes,g5_elar_5.6F_2013_q19; g5_elar_5.6F_2013_q20,5.6(F); 5.6(F),2013; 2013,19; 20
300,2,yes,g5_elar_5.7D_2013_q21; g5_elar_5.10D_2013_q18,5.7(D); 5.10(D),2013; 2013,21; 18
301,2,yes,g5_elar_5.10D_2013_q22; g5_elar_5.6E_2013_q27,5.10(D); 5.6(E),2013; 2013,22; 27
302,2,yes,g5_elar_5.6E_2013_q28; g5_elar_5.6E_2013_q29,5.6(E); 5.6(E),2013; 2013,28; 29
303,1,yes,g5_elar_5.6E_2013_q30,5.6(E),2013,30
304,0,no,,,,
305,0,no,,,,
306,2,yes,g5_elar_5.6C_2025_q5; g5_elar_5.7C_2025_q7,5.6(C); 5.7(C),2025; 2025,5; 7
307,2,yes,g5_elar_5.7D_2025_q1; g5_elar_5.8B_2025_q4,5.7(D); 5.8(B),2025; 2025,1; 4
308,2,yes,g5_elar_5.8C_2025_q2; g5_elar_5.9C_2025_q3,5.8(C); 5.9(C),2025; 2025,2; 3
309,1,yes,g5_elar_5.10D_2025_q6,5.10(D),2025,6
310,0,no,,,,
311,2,yes,g5_elar_5.3A_2022_q1; g5_elar_5.6F_2022_q7,5.3(A); 5.6(F),2022; 2022,1; 7
312,2,yes,g5_elar_5.8A_2022_q5; g5_elar_5.8B_2022_q3,5.8(A); 5.8(B),2022; 2022,5; 3
313,2,yes,g5_elar_5.8C_2022_q4; g5_elar_5.9C_2022_q6,5.8(C); 5.9(C),2022; 2022,4; 6
314,1,yes,g5_elar_5.10D_2022_q2,5.10(D),2022,2
315,0,no,,,,
316,2,yes,g5_elar_5.6F_2019_q32; g5_elar_5.7C_2019_q33,5.6(F); 5.7(C),2019; 2019,32; 33
317,1,yes,g5_elar_5.7C_2019_q34,5.7(C),2019,34
318,1,yes,g5_elar_5.7C_2019_q35,5.7(C),2019,35
319,2,yes,g5_elar_5.7C_2019_q36; g5_elar_5.7C_2019_q38,5.7(C); 5.7(C),2019; 2019,36; 38
320,1,yes,g5_elar_5.7D_2019_q37,5.7(D),2019,37
321,0,no,,,,
322,2,yes,g5_elar_5.3C_2015_q43; g5_elar_5.7C_2015_q40,5.3(C); 5.7(C),2015; 2015,43; 40
323,2,yes,g5_elar_5.7C_2015_q41; g5_elar_5.6F_2015_q42,5.7(C); 5.6(F),2015; 2015,41; 42
324,2,yes,g5_elar_5.7C_2015_q46; g5_elar_5.7D_2015_q45,5.7(C); 5.7(D),2015; 2015,46; 45
325,1,yes,g5_elar_5.10D_2015_q44,5.10(D),2015,44
326,0,no,,,,
327,2,yes,g5_elar_5.3B_2013_q5; g5_elar_5.7C_2013_q1,5.3(B); 5.7(C),2013; 2013,5; 1
328,1,yes,g5_elar_5.7C_2013_q2,5.7(C),2013,2
329,1,yes,g5_elar_5.7C_2013_q4,5.7(C),2013,4
330,2,yes,g5_elar_5.7C_2013_q6; g5_elar_5.7C_2013_q7,5.7(C); 5.7(C),2013; 2013,6; 7
331,2,yes,g5_elar_5.7C_2013_q8; g5_elar_5.7D_2013_q3,5.7(C); 5.7(D),2013; 2013,8; 3
332,0,no,,,,
333,0,no,,,,
334,2,yes,g5_elar_5.3B_2018_q20; g5_elar_5.6F_2018_q21,5.3(B); 5.6(F),2018; 2018,20; 21
335,2,yes,g5_elar_5.6F_2018_q23; g5_elar_5.6F_2018_q24,5.6(F); 5.6(F),2018; 2018,23; 24
336,2,yes,g5_elar_5.9B_2018_q19; g5_elar_5.9B_2018_q22,5.9(B); 5.9(B),2018; 2018,19; 22
337,1,yes,g5_elar_5.10D_2018_q25,5.10(D),2018,25
338,0,no,,,,
339,2,yes,g5_elar_5.3C_2017_q20; g5_elar_5.6F_2017_q19,5.3(C); 5.6(F),2017; 2017,20; 19
340,2,yes,g5_elar_5.6F_2017_q21; g5_elar_5.6F_2017_q22,5.6(F); 5.6(F),2017; 2017,21; 22
341,2,yes,g5_elar_5.6F_2017_q23; g5_elar_5.6F_2017_q25,5.6(F); 5.6(F),2017; 2017,23; 25
342,0,no,,,,
343,2,yes,g5_elar_5.3B_2016_q40; g5_elar_5.3B_2016_q45,5.3(B); 5.3(B),2016; 2016,40; 45
344,2,yes,g5_elar_5.6F_2016_q42; g5_elar_5.6F_2016_q44,5.6(F); 5.6(F),2016; 2016,42; 44
345,1,yes,g5_elar_5.6F_2016_q46,5.6(F),2016,46
346,0,no,,,,
347,2,yes,g5_elar_5.3B_2014_q41; g5_elar_5.6F_2014_q40,5.3(B); 5.6(F),2014; 2014,41; 40
348,2,yes,g5_elar_5.6F_2014_q42; g5_elar_5.6F_2014_q44,5.6(F); 5.6(F),2014; 2014,42; 44
349,1,yes,g5_elar_5.7D_2014_q43,5.7(D),2014,43
350,0,no,,,,
351,0,no,,,,
352,2,yes,g5_elar_5.3A_2025_q23; g5_elar_5.7C_2025_q20,5.3(A); 5.7(C),2025; 2025,23; 20
353,2,yes,g5_elar_5.9E_2025_q22; g5_elar_5.9E_2025_q19,5.9(E); 5.9(E),2025; 2025,22; 19
354,2,yes,g5_elar_5.10B_2025_q24; g5_elar_5.10C_2025_q21,5.10(B); 5.10(C),2025; 2025,24; 21
355,1,yes,g5_elar_5.12B_2025_q25,5.12(B),2025,25
356,0,no,,,,
357,2,yes,g5_elar_5.6G_2024_q3; g5_elar_5.6H_2024_q4,5.6(G); 5.6(H),2024; 2024,3; 4
358,2,yes,g5_elar_5.7D_2024_q5; g5_elar_5.9E_2024_q7,5.7(D); 5.9(E),2024; 2024,5; 7
359,2,yes,g5_elar_5.9E_2024_q1; g5_elar_5.10A_2024_q6,5.9(E); 5.10(A),2024; 2024,1; 6
360,1,yes,g5_elar_5.10D_2024_q2,5.10(D),2024,2
361,0,no,,,,
362,2,yes,g5_elar_5.3A_2022_q10; g5_elar_5.6G_2022_q11,5.3(A); 5.6(G),2022; 2022,10; 11
363,2,yes,g5_elar_5.9E_2022_q8; g5_elar_5.9E_2022_q12,5.9(E); 5.9(E),2022; 2022,8; 12
364,2,yes,g5_elar_5.9E_2022_q13; g5_elar_5.9E_2022_q9,5.9(E); 5.9(E),2022; 2022,13; 9
365,0,no,,,,
366,2,yes,g5_elar_5.3B_2016_q12; g5_elar_5.6F_2016_q13,5.3(B); 5.6(F),2016; 2016,12; 13
367,1,yes,g5_elar_5.10A_2016_q11,5.10(A),2016,11
368,1,yes,g5_elar_5.12B_2025_q25,5.12(B),2025,25
369,1,yes,g5_elar_5.7B_2024_q25,5.7(B),2024,25
370,1,yes,g5_elar_5.7B_2023_q25,5.7(B),2023,25
371,0,no,,,,
372,0,no,,,,
373,2,yes,g5_elar_5.11B_2025_q29; g5_elar_5.11B_2025_q27,5.11(B); 5.11(B),2025; 2025,29; 27
374,2,yes,g5_elar_5.11C_2025_q26; g5_elar_5.11C_2025_q28,5.11(C); 5.11(C),2025; 2025,26; 28
375,0,no,,,,
376,2,yes,g5_elar_5.11B_2025_q31; g5_elar_5.11B_2025_q33,5.11(B); 5.11(B),2025; 2025,31; 33
377,2,yes,g5_elar_5.11C_2025_q30; g5_elar_5.11C_2025_q32,5.11(C); 5.11(C),2025; 2025,30; 32
378,0,no,,,,
379,2,yes,g5_elar_5.11B_2024_q27; g5_elar_5.11C_2024_q26,5.11(B); 5.11(C),2024; 2024,27; 26
380,2,yes,g5_elar_5.11C_2024_q28; g5_elar_5.11C_2024_q29,5.11(C); 5.11(C),2024; 2024,28; 29
381,0,no,,,,
382,2,yes,g5_elar_5.11B_2024_q32; g5_elar_5.11B_2024_q33,5.11(B); 5.11(B),2024; 2024,32; 33
383,2,yes,g5_elar_5.11B_2024_q30; g5_elar_5.11C_2024_q31,5.11(B); 5.11(C),2024; 2024,30; 31
384,0,no,,,,
385,2,yes,g5_elar_5.11B_2023_q26; g5_elar_5.11C_2023_q27,5.11(B); 5.11(C),2023; 2023,26; 27
386,2,yes,g5_elar_5.11C_2023_q28; g5_elar_5.11C_2023_q29,5.11(C); 5.11(C),2023; 2023,28; 29
387,0,no,,,,
388,2,yes,g5_elar_5.11B_2023_q33; g5_elar_5.11C_2023_q30,5.11(B); 5.11(C),2023; 2023,33; 30
389,2,yes,g5_elar_5.11C_2023_q31; g5_elar_5.11C_2023_q32,5.11(C); 5.11(C),2023; 2023,31; 32
390,0,no,,,,
391,0,no,,,,
392,2,yes,g5_elar_5.2B_2025_q37; g5_elar_5.11D_2025_q35,5.2(B); 5.11(D),2025; 2025,37; 35
393,2,yes,g5_elar_5.11D_2025_q36; g5_elar_5.11D_2025_q34,5.11(D); 5.11(D),2025; 2025,36; 34
394,0,no,,,,
395,2,yes,g5_elar_5.2B_2025_q40; g5_elar_5.11D_2025_q41,5.2(B); 5.11(D),2025; 2025,40; 41
396,2,yes,g5_elar_5.11D_2025_q39; g5_elar_5.11D_2025_q38,5.11(D); 5.11(D),2025; 2025,39; 38
397,0,no,,,,
398,2,yes,g5_elar_5.11D_2024_q34; g5_elar_5.11D_2024_q37,5.11(D); 5.11(D),2024; 2024,34; 37
399,2,yes,g5_elar_5.11D_2024_q35; g5_elar_5.11D_2024_q36,5.11(D); 5.11(D),2024; 2024,35; 36
400,0,no,,,,
401,2,yes,g5_elar_5.11D_2024_q39; g5_elar_5.11D_2024_q41,5.11(D); 5.11(D),2024; 2024,39; 41
402,2,yes,g5_elar_5.11D_2024_q38; g5_elar_5.11D_2024_q40,5.11(D); 5.11(D),2024; 2024,38; 40
403,0,no,,,,
404,2,yes,g5_elar_5.2B_2023_q35; g5_elar_5.11D_2023_q37,5.2(B); 5.11(D),2023; 2023,35; 37
405,2,yes,g5_elar_5.11D_2023_q34; g5_elar_5.11D_2023_q36,5.11(D); 5.11(D),2023; 2023,34; 36
406,0,no,,,,
407,2,yes,g5_elar_5.11D_2023_q40; g5_elar_5.11D_2023_q39,5.11(D); 5.11(D),2023; 2023,40; 39
408,2,yes,g5_elar_5.11D_2023_q38; g5_elar_5.11D_2023_q41,5.11(D); 5.11(D),2023; 2023,38; 41
409,0,no,,,,
